Product_Name,Product_Price,Product_Rating
Stylish Clocks,₹243,3.8
Designer Clocks,₹212,3.9
Designer Kitchen Timers,₹292,4.0
Gorgeous Clocks,₹213,4.0
Unique Kitchen Timers,₹327,4.1
Modern Wall Clocks,₹352,3.8
Stylish Acrylic Designer Wall Clock Vol 4,₹210,3.9
Attractive Clocks,₹234,3.8
Trendy Wall Clock,₹192,3.8
Fashionable Clocks,₹247,4.0
Graceful Clocks,₹224,4.0
Modern Wall Clocks,₹242,4.1
Colorful Wall Clocks,₹242,4.0
Classy Clocks,₹309,No rating available
Fashionable Clocks,₹200,4.1
Graceful Wall Clocks,₹227,3.8
Attractive Wall Clock,"₹1,006",4.1
Designer Clocks,₹212,3.7
Wall Clock,₹240,4.3
Trendy Wall Clocks,₹246,3.9
Essential Wall Clocks,₹229,4.2
Trendy Wall Clocks,₹249,3.8
New Trendy Clocks,₹210,3.8
New Trendy Clocks,₹207,4.3
Classy Digital Clocks,₹288,3.9
Unique Wall Clocks,₹253,3.9
Attractive Clocks,₹184,3.9
Essential Wall Clocks,₹262,3.8
Stylo Wall Clocks,₹250,3.9
Useful  Wall Clock,₹494,4.6
Classic Wall Clocks,₹483,3.7
Ravishing Clocks,₹203,4.0
Colorful Wall Clocks,₹253,3.7
Graceful Wall Clocks,₹387,3.9
Stylish Designer Acrylic Wall Clocks Vol 7,₹328,4.1
New Clocks,₹468,4.0
Trendy New Clocks,₹273,3.4
Elegant Wall Clocks,₹209,4.2
Colorful Wall Clocks,₹258,3.9
Trendy Clocks,₹335,3.8
Fashionable Clocks,₹308,No rating available
Trendy Wall Clocks,₹242,4.1
Graceful Wall Clocks,₹258,3.9
Elite Wall Clocks,₹528,4.2
Wonderful Wall Clocks,₹460,4.0
Designer Clocks,₹190,No rating available
wall clock,₹226,3.7
Classic Wall Clocks,₹257,4.0
Attractive Clocks,₹208,4.1
Classic Wall Clocks,₹258,3.9
Trendy Wall Clocks,₹197,3.5
Unique Alarm Clocks,₹315,4.2
Stylish Clocks,₹309,No rating available
Essential Alarm Clocks,₹260,3.8
Essential Wall Clocks,"₹1,085",No rating available
Digital Clocks,₹368,3.7
Trendy New Clocks,₹439,No rating available
Classic Alarm Clocks,₹236,3.9
Stylish Elite Acrylic Wall Clocks,₹469,4.1
Ravishing Clocks,₹209,4.0
